3,4,0.64835,0
3,2,0.80107,1
3,1,0.83103,0
2,5,0.61923,1
3,3,0.91041,0
2,0,1,0
3,1,0.82817,0
2,4,0.66598,1
2,4,0.84351,1
2,4,0.77036,1
2,3,0.94875,0
1,1,0.94756,0
3,0,1,0
3,4,0.52428,1
3,1,0.94181,0
3,0,1,0
1,3,0.78619,1
3,4,0.70061,0
3,1,0.91691,0
4,4,0.6802,0
3,2,0.94442,1
1,5,0.52886,1
2,5,0.66428,1
2,4,0.77261,0
3,4,0.88226,0
3,2,0.88951,0
2,5,0.69713,0
4,2,0.9309,0
3,5,0.74841,0
1,5,0.6595,0
3,0,1,0
2,2,0.81172,0
4,1,0.99665,0
2,5,0.74559,1
1,5,0.76109,0
3,1,0.89399,0
3,4,0.76572,0
2,4,0.91051,1
1,5,0.56294,1
2,4,0.85182,0
3,3,0.624,0
1,5,0.63802,1
2,3,0.77071,1
3,5,0.56996,0
2,5,0.62685,0
3,3,0.74753,0
1,0,1,0
2,2,0.9749,0
2,4,0.4877,1
3,3,0.57174,1
4,0,1,0
1,2,0.92071,0
1,0,1,0
2,1,0.92497,0
2,0,1,1
3,5,0.79651,0
2,5,0.81618,0
3,4,0.60785,1
2,4,0.90629,0
3,4,0.67497,0
4,4,0.79815,1
2,5,0.48535,1
2,3,0.8781,0
1,0,1,0
3,3,0.85351,0
3,5,0.58835,0
2,2,0.88065,1
4,2,0.93489,0
0,0,1,0
4,2,0.7262,1
2,2,0.78045,0
2,1,0.97998,0
4,4,0.62929,1
1,4,0.60881,1
3,0,1,0
2,5,0.54825,1
4,2,0.95532,0
3,5,0.58518,1
3,4,0.79916,0
3,3,0.86606,0
1,5,0.68073,1
1,3,0.55815,1
3,0,1,0
3,1,0.90872,0
2,1,0.96918,0
2,0,1,0
3,4,0.70771,1
2,4,0.6129,1
2,3,0.71325,1
2,4,0.65184,1
2,4,0.85137,0
3,5,0.70478,0
4,5,0.5235,1
2,4,0.68969,1
2,5,0.83246,1
3,3,0.741,0
4,1,0.87063,0
3,3,0.65169,1
3,5,0.68872,1
3,4,0.79421,1
3,2,0.77444,1
3,1,0.98802,0
4,5,0.48615,1
1,5,0.57052,1
3,5,0.58344,0
3,5,0.82419,1
4,1,0.93202,0
1,0,1,0
1,4,0.52608,0
3,2,0.96091,0
3,4,0.71091,1
3,5,0.66193,0
2,2,0.96477,1
2,5,0.53508,1
3,3,0.55772,1
2,3,0.44582,1
2,2,0.86186,0
4,4,0.57415,1
3,5,0.67165,1
3,4,0.75476,0
2,1,0.74024,0
1,0,1,0
3,1,0.98391,0
2,1,0.98318,0
2,3,0.89697,0
1,2,0.76343,1
1,0,1,0
3,4,0.69971,0
2,3,0.73718,1
1,4,0.58889,1
3,3,0.70659,1
3,5,0.56426,1
2,4,0.83228,0
1,4,0.76172,1
4,3,0.85233,0
4,4,0.52578,0
1,0,1,1
2,2,0.64023,0
4,1,0.74729,0
2,5,0.58815,1
2,4,0.59639,1
4,3,0.91435,0
3,2,0.76344,1
2,4,0.75487,1
3,3,0.88894,0
4,4,0.71837,1
3,4,0.6676,1
2,4,0.53466,1
3,0,1,0
3,3,0.80943,0
3,4,0.56205,1
3,0,1,0
3,4,0.73272,1
4,5,0.4244,1
3,4,0.61942,1
3,0,1,1
3,2,0.988,1
2,5,0.64858,1
4,2,0.86424,0
3,2,0.56581,1
4,1,0.95446,1
3,3,0.22332,0
4,5,0.62966,1
3,2,0.98901,0
2,3,0.85387,1
2,5,0.54596,0
2,4,0.87577,1
3,1,0.95946,0
2,0,1,0
3,5,0.67333,1
1,3,0.77425,1
2,1,0.80392,1
4,4,0.38055,0
3,2,0.9455,0
3,5,0.51058,1
3,2,0.80216,1
3,3,0.76237,1
1,1,0.93711,1
1,5,0.57455,1
2,0,1,0
3,2,0.69926,1
2,2,0.73083,0
2,5,0.70303,1
2,5,0.40911,1
3,3,0.7875,0
3,0,1,0
3,4,0.64711,1
3,2,0.86098,0
2,5,0.76343,0
2,5,0.52898,1
3,5,0.59344,1
3,0,1,0
3,3,0.61405,1
3,5,0.56463,1
3,3,0.92538,1
2,0,1,0
3,5,0.82716,0
3,1,0.94085,0
2,5,0.43923,1
1,0,1,0
2,4,0.76847,1
3,1,0.74797,1
4,1,0.98285,0
2,5,0.76802,0
2,5,0.69842,1
2,4,0.68777,1
4,4,0.63623,1
1,4,0.64884,1
2,5,0.71403,1
1,4,0.68484,0
2,4,0.73393,1
2,5,0.73521,1
3,4,0.7872,0
1,4,0.5182,1
4,5,0.76228,0
2,2,0.82047,1
3,5,0.44211,1
2,4,0.82164,0
3,2,0.92541,0
2,4,0.70128,0
2,5,0.76236,0
4,2,0.8365,1
3,4,0.75328,0
3,3,0.89884,0
3,4,0.76297,0
2,5,0.48978,1
2,4,0.49824,1
3,5,0.21772,1
3,0,1,0
4,3,0.67484,0
3,0,1,0
3,2,0.83753,0
1,4,0.65045,1
2,5,0.67851,1
2,4,0.68983,1
2,1,0.87713,0
2,4,0.53486,1
1,3,0.70652,0
2,4,0.52867,1
2,0,1,0
2,5,0.73322,0
2,3,0.62841,1
2,3,0.62982,1
1,4,0.73483,0
4,4,0.3517,1
3,0,1,0
4,4,0.72675,1
4,1,0.96359,0
2,0,1,0
3,5,0.71261,1
2,1,0.99876,0
2,0,1,0
3,5,0.56315,1
2,5,0.67592,0
1,1,0.92527,0
4,4,0.87798,1
4,5,0.70636,1
4,0,1,0
2,4,0.92928,0
3,4,0.57334,1
3,1,0.96342,1
4,5,0.73317,1
3,1,0.97555,1
3,0,1,0
4,4,0.75037,0
1,5,0.69567,0
1,4,0.56945,1
3,5,0.7628,0
2,0,1,0
1,1,0.86143,1
3,0,1,1
3,0,1,0
4,1,0.92953,0
3,5,0.78216,0
2,4,0.91171,0
2,0,1,0
4,3,0.57539,1
4,3,0.77899,1
3,4,0.69881,0
2,0,1,0
3,5,0.65721,1
4,4,0.89269,0
2,5,0.59399,0
3,3,0.84803,0
3,3,0.64194,1
1,5,0.49038,1
2,5,0.69361,0
1,4,0.5757,1
2,5,0.75134,1
2,5,0.59189,1
3,5,0.58548,1
2,0,1,0
3,3,0.63881,1
1,4,0.71158,1
2,5,0.58452,1
3,4,0.87822,0
4,3,0.50269,1
3,3,0.46815,0
3,0,1,0
3,1,0.97512,0
2,4,0.7571,0
2,0,1,0
1,1,0.96738,0
4,0,1,0
2,4,0.57534,1
3,1,0.85348,1
2,5,0.59749,1
3,1,0.97939,0
4,5,0.51124,1
3,5,0.42582,1
4,2,0.78831,0
2,5,0.5439,1
3,1,0.96632,0
2,5,0.52652,1
2,3,0.63567,0
3,1,0.89854,1
3,4,0.64626,1
3,5,0.70532,1
4,5,0.59118,1
2,2,0.64034,0
2,5,0.72493,1
3,0,1,0
3,0,1,0
3,3,0.71767,1
2,4,0.76176,0
2,4,0.70365,1
2,0,1,0
1,0,1,0
4,0,1,0
3,0,1,0
3,1,0.97732,0
1,4,0.56879,1
2,0,1,0
3,5,0.77085,0
3,3,0.8014,1
3,4,0.63106,1
2,2,0.77394,1
3,3,0.8084,0
2,5,0.53207,1
3,2,0.95798,0
3,4,0.46574,1
2,2,0.6235,0
1,5,0.6042,1
2,5,0.52069,1
3,5,0.4567,0
4,5,0.16833,1
3,5,0.66909,1
4,5,0.80437,0
2,4,0.61913,1
2,5,0.62188,1
2,3,0.66741,1
2,4,0.70544,0
3,3,0.77125,0
3,5,0.75331,0
3,0,1,0
3,4,0.68829,1
2,0,1,0
3,2,0.63092,0
4,1,0.98436,0
1,1,0.94189,1
1,3,0.70912,1
1,1,0.87271,0
2,2,0.74938,1
2,5,0.53238,1
3,2,0.87758,1
4,2,0.96287,0
3,4,0.62284,1
2,3,0.74149,1
1,5,0.50153,1
3,4,0.18913,0
3,4,0.79172,1
4,2,0.87015,0
1,0,1,0
3,3,0.71647,0
2,2,0.77741,1
2,4,0.70388,1
4,4,0.91421,0
3,1,0.82932,0
3,2,0.96991,0
3,4,0.85214,0
3,2,0.83614,0
1,3,0.51627,1
3,3,0.82351,0
3,2,0.24216,0
2,5,0.55985,0
3,5,0.4043,1
3,3,0.65856,0
4,5,0.65018,1
3,4,0.78124,1
4,3,0.72237,1
4,3,0.90444,0
2,5,0.6199,1
4,4,0.65822,1
2,3,0.80781,0
3,3,0.81902,1
4,5,0.70375,0
3,0,1,0
2,5,0.70207,1
4,2,0.97477,0
2,5,0.46783,1
3,4,0.67905,0
4,1,0.73205,0
1,5,0.65569,1
4,4,0.8427,0
3,5,0.58576,1
1,5,0.73369,0
3,4,0.62264,1
1,5,0.65289,1
2,4,0.57466,1
1,1,0.76004,0
4,1,0.81971,0
3,4,0.81632,0
3,4,0.6524,1
2,5,0.34979,1
3,2,0.92994,0
3,4,0.52661,1
3,4,0.64171,1
3,4,0.84338,1
2,1,0.97079,0
1,4,0.55385,0
1,0,1,1
1,2,0.7027,1
3,4,0.48051,1
1,4,0.84765,0
2,4,0.54018,0
1,3,0.84696,0
3,5,0.65241,1
3,3,0.84616,0
1,5,0.52599,1
3,5,0.6329,1
4,5,0.43243,1
3,5,0.62801,0
4,5,0.53645,1
2,4,0.60084,1
3,0,1,1
2,5,0.74372,1
1,0,1,0
3,1,0.97062,0
2,4,0.72519,1
2,2,0.70064,0
3,2,0.74906,1
2,5,0.5256,1
4,5,0.60808,1
3,4,0.59098,1
2,5,0.83943,1
3,5,0.64836,1
1,4,0.72051,1
3,5,0.64922,1
2,2,0.69547,1
3,4,0.71818,1
3,2,0.74885,0
4,5,0.76372,1
3,1,0.67184,0
2,5,0.44802,1
3,5,0.79353,0
4,3,0.74921,0
3,5,0.51661,1
4,2,0.79352,0
3,5,0.56275,1
3,5,0.50848,1
3,2,0.79613,0
4,3,0.8723,0
4,4,0.86475,0
4,4,0.90798,0
2,5,0.81096,1
3,5,0.41254,1
4,4,0.3247,1
2,4,0.70534,1
2,1,0.7031,0
3,3,0.85535,0
3,2,0.77844,1
3,2,0.96221,0
4,4,0.77909,0
2,4,0.74258,1
4,1,0.90175,0
3,2,0.94329,0
3,1,0.78771,1
3,1,0.99003,0
3,3,0.75418,0
3,3,0.84232,1
1,3,0.54794,0
3,5,0.43565,1
3,1,0.97295,0
2,0,1,0
3,2,0.94642,0
4,3,0.40673,1
3,5,0.56751,1
3,2,0.89057,1
2,4,0.5071,1
2,5,0.83506,0
4,3,0.89377,0
2,5,0.54699,1
2,4,0.66234,0
2,1,0.96234,0
4,5,0.38863,1
3,2,0.88508,1
2,5,0.72108,1
3,1,0.93772,0
2,2,0.93273,0
3,5,0.80038,0
1,0,1,0
3,3,0.5668,1
3,4,0.84671,0
3,5,0.42485,1
3,1,0.85552,1
3,3,0.95231,0
2,0,1,0
3,5,0.36938,1
2,5,0.71283,0
4,5,0.66757,1
3,5,0.83877,0
3,1,0.8142,1
1,5,0.78543,0
2,4,0.59384,0
2,5,0.73766,1
3,2,0.85386,0
1,5,0.49853,0
4,2,0.84814,0
2,5,0.76613,0
3,4,0.69409,1
4,3,0.85045,1
2,5,0.47575,0
2,3,0.61146,0
4,2,0.92017,0
3,4,0.57299,1
3,4,0.4844,0
3,3,0.71556,0
1,0,1,0
3,2,0.95027,0
3,1,0.86429,1
2,5,0.49679,1
3,3,0.78614,0
3,5,0.73556,1
3,2,0.86071,0
3,5,0.70719,0
2,1,0.93937,0
3,2,0.68546,1
2,5,0.63009,0
4,3,0.81018,1
4,1,0.81937,1
2,0,1,0
4,5,0.71046,0
3,2,0.95057,0
3,3,0.65832,1
2,5,0.58736,1
2,4,0.75447,1
2,1,0.9721,1
1,5,0.46246,1
1,0,1,0
3,1,0.93324,0
1,4,0.60121,1
4,4,0.81729,1
2,4,0.61749,0
4,2,0.70029,1
3,0,1,0
4,5,0.65884,1
2,5,0.66177,0
2,5,0.40808,1
4,3,0.89915,0
1,5,0.3817,1
3,0,1,0
2,0,1,0
3,5,0.78871,0
2,5,0.41889,1
1,3,0.74154,1
3,4,0.64371,1
2,2,0.88533,1
4,2,0.8052,0
3,4,0.89313,0
3,5,0.67155,1
3,2,0.84955,0
1,5,0.70709,0
3,5,0.71469,1
4,1,0.9923,0
2,3,0.53839,1
3,5,0.78446,0
3,1,0.90358,0
2,4,0.82374,0
3,1,0.93423,0
3,5,0.38818,1
3,5,0.71497,1
4,1,0.8931,0
3,0,1,0
3,2,0.80449,0
3,4,0.41085,1
2,1,0.98429,1
3,4,0.73191,0
3,4,0.44783,1
3,4,0.82997,0
2,5,0.76991,0
3,2,0.75535,1
3,5,0.59411,1
2,1,0.99393,0
4,4,0.77581,1
2,2,0.90055,1
3,5,0.55454,1
3,5,0.49201,1
1,4,0.70838,1
3,5,0.57414,1
4,4,0.67722,1
4,4,0.81857,0
1,2,0.74876,1
3,5,0.58646,1
2,0,1,1
1,3,0.76835,1
1,5,0.76394,0
3,1,0.9377,0
1,2,0.83401,0
3,2,0.71422,1
2,0,1,0
3,2,0.90528,1
3,3,0.82424,0
4,1,0.61041,0
3,4,0.27043,1
3,1,0.55068,0
1,5,0.7337,1
3,5,0.63809,0
4,4,0.72264,0
4,2,0.79637,0
3,5,0.62352,1
3,2,0.67836,0
2,1,0.80425,0
2,1,0.83664,0
1,2,0.70562,1
2,1,0.82661,1
3,4,0.82284,0
2,1,0.91778,0
3,0,1,0
4,5,0.67712,1
3,5,0.56118,1
2,0,1,0
3,3,0.95859,1
3,2,0.74408,0
3,5,0.39746,1
2,4,0.6207,1
3,5,0.68957,0
2,5,0.62495,1
3,3,0.83257,0
2,4,0.82703,1
1,2,0.8788,1
3,5,0.68021,1
3,3,0.68032,1
4,4,0.7008,0
2,3,0.69285,1
2,5,0.72104,1
3,2,0.92756,0
1,1,0.95223,0
2,2,0.91346,0
2,5,0.61727,0
3,5,0.79818,1
2,5,0.83165,0
4,0,1,0
3,2,0.81759,0
3,3,0.85746,0
3,0,1,0
3,4,0.66571,1
3,4,0.6795,0
3,1,0.91106,1
4,4,0.75078,0
2,1,0.73029,0
2,5,0.73852,0
2,4,0.74221,1
1,4,0.65384,1
1,1,0.87477,1
2,2,0.70507,1
2,5,0.72633,0
3,5,0.4277,1
3,5,0.55252,1
3,1,0.81159,0
3,4,0.79119,0
4,3,0.81579,0
4,4,0.73652,0
3,0,1,0
3,2,0.72826,1
3,3,0.70669,1
1,0,1,0
2,3,0.8344,0
3,0,1,0
3,5,0.65182,1
3,1,0.92806,0
3,5,0.74862,1
3,1,0.88034,0
3,5,0.53989,1
4,4,0.74883,0
2,3,0.43331,1
2,3,0.44897,1
3,1,0.86321,1
2,5,0.14767,1
3,4,0.59998,0
2,4,0.52008,1
3,5,0.59485,1
2,0,1,0
3,4,0.41016,1
3,1,0.87089,0
1,2,0.64588,1
2,4,0.81326,0
2,5,0.50847,1
3,5,0.54438,1
2,2,0.48393,1
2,4,0.61248,1
2,4,0.59619,1
2,5,0.70456,1
3,2,0.77869,0
3,5,0.69289,1
2,2,0.94607,0
3,5,0.70231,1
2,5,0.32803,1
2,3,0.58783,1
2,5,0.73377,1
4,2,0.82675,1
3,3,0.76251,0
3,5,0.81723,0
4,3,0.88755,0
3,2,0.80314,0
4,0,1,0
3,5,0.63305,1
2,5,0.83271,1
2,2,0.72103,0
3,1,0.90746,0
3,1,0.95876,0
2,0,1,0
3,5,0.58941,0
4,4,0.79774,0
3,4,0.7057,1
3,4,0.82022,0
3,4,0.72079,0
4,0,1,0
2,3,0.91402,0
2,2,0.91978,0
3,4,0.70373,1
1,5,0.13504,1
1,5,0.72575,0
2,3,0.55553,1
4,4,0.80505,1
4,1,0.95621,0
3,5,0.60508,1
3,3,0.49457,0
3,0,1,0
4,5,0.73721,0
1,4,0.57058,1
3,3,0.53334,1
2,1,0.85214,0
3,1,0.86961,0
4,5,0.60676,1
3,5,0.56525,1
3,4,0.78676,1
2,5,0.57727,1
2,2,0.49992,1
2,0,1,0
1,5,0.61435,1
3,2,0.92286,0
3,5,0.59117,1
1,3,0.77901,1
2,3,0.86605,0
3,5,0.65331,1
2,3,0.70225,0
2,1,0.97147,0
2,5,0.70334,1
1,5,0.50341,1
3,5,0.78525,0
4,5,0.70465,1
1,0,1,0
3,2,0.82758,1
3,2,0.99173,0
3,3,0.70428,1
3,4,0.83007,0
3,0,1,0
4,5,0.55841,1
3,5,0.5616,1
4,2,0.95461,0
3,3,0.73816,0
3,3,0.87338,0
2,3,0.81199,0
2,2,0.85617,0
4,0,1,0
3,0,1,0
3,1,0.83059,0
3,5,0.53171,0
3,1,0.91327,0
2,5,0.66685,1
3,2,0.92164,0
3,4,0.53641,1
1,5,0.75445,0
1,5,0.70684,0
3,5,0.60422,1
1,4,0.67243,0
3,0,1,0
2,4,0.81526,0
3,4,0.82522,0
3,1,0.81695,0
3,1,0.8933,0
3,0,1,0
1,4,0.57314,1
4,5,0.55641,1
2,2,0.68967,1
1,2,0.59532,1
1,3,0.76417,1
2,0,1,0
2,3,0.78011,1
3,0,1,0
3,1,0.24917,0
2,1,0.81336,1
1,2,0.95115,0
2,3,0.86051,0
4,4,0.76182,0
2,1,0.694,1
2,5,0.54545,1
3,0,1,0
2,1,0.95982,1
2,4,0.68896,0
4,2,0.67785,1
2,5,0.26665,0
3,5,0.5489,1
4,2,0.83764,1
1,4,0.48966,1
4,1,0.93526,0
4,3,0.84183,0
2,3,0.64898,1
3,4,0.303,1
2,5,0.50592,1
2,3,0.87192,1
1,4,0.34596,1
2,4,0.70854,0
2,0,1,0
4,3,0.69473,1
3,5,0.8001,0
2,5,0.7255,1
3,4,0.60314,1
2,5,0.78781,0
1,5,0.60614,1
1,0,1,0
3,5,0.53254,1
2,1,0.99426,0
3,4,0.73324,1
2,5,0.56657,1
4,1,0.99756,0
3,3,0.47495,1
3,5,0.5705,1
3,3,0.68853,1
1,0,1,0
3,3,0.73824,0
2,0,1,0
3,2,0.98278,0
4,2,0.88479,0
1,3,0.88653,0
2,5,0.57445,1
2,2,0.5597,1
3,1,0.93492,0
3,0,1,0
3,2,0.77748,1
3,1,0.95169,1
2,5,0.4891,1
2,2,0.59988,1
2,5,0.21077,1
3,4,0.87805,0
3,3,0.71606,0
2,5,0.80207,0
3,5,0.73761,0
3,3,0.79762,0
4,4,0.62016,1
3,4,0.78567,0
3,1,0.6141,1
2,2,0.94259,0
2,5,0.089214,0
4,1,0.78407,1
2,5,0.50076,1
4,2,0.91463,0
3,5,0.58478,1
3,2,0.69411,0
2,2,0.82744,1
2,4,0.6329,1
1,0,1,0
3,5,0.45334,1
3,0,1,0
1,4,0.87163,1
3,5,0.7347,1
3,4,0.76612,0
4,1,0.91557,1
2,5,0.61954,1
2,1,0.9511,0
4,3,0.81266,0
3,0,1,1
3,5,0.70716,0
3,4,0.7129,1
2,1,0.85588,1
2,3,0.60118,1
3,2,0.93877,0
3,1,0.96003,0
1,0,1,0
3,5,0.13229,0
2,3,0.68541,0
4,3,0.78857,1
3,1,0.977,0
3,5,0.52545,1
3,3,0.66127,1
4,2,0.86453,1
2,4,0.59699,1
3,3,0.50693,1
3,3,0.70475,1
3,5,0.47532,1
3,1,0.91782,1
3,1,0.98995,0
2,0,1,0
2,0,1,0
3,4,0.73077,1
2,5,0.37683,0
4,2,0.646,0
3,1,0.99344,0
4,1,0.96062,0
3,1,0.8831,1
3,4,0.73966,1
4,5,0.63642,1
2,3,0.90409,0
2,3,0.69974,1
3,0,1,1
3,0,1,0
3,0,1,0
1,5,0.82371,0
2,5,0.54602,1
4,5,0.39795,1
3,1,0.86759,0
3,3,0.69208,1
2,1,0.92297,0
2,3,0.64944,1
3,5,0.5662,1
4,5,0.79954,0
3,0,1,1
3,1,0.94186,1
3,3,0.93718,0
3,4,0.71679,1
1,4,0.5998,1
3,5,0.72444,0
3,5,0.76711,0
3,1,0.96928,1
3,5,0.72169,0
2,5,0.57241,0
2,5,0.45137,1
1,0,1,0
2,3,0.72264,0
3,3,0.80453,1
3,4,0.50806,1
3,4,0.69105,0
2,3,0.83135,1
2,5,0.67354,1
3,0,1,0
2,5,0.41448,1
3,2,0.82407,1
3,1,0.98114,0
3,3,0.63866,1
3,5,0.75252,0
4,2,0.90241,0
3,0,1,0
3,5,0.59639,1
4,1,0.60183,0
2,1,0.79238,0
3,4,0.63892,1
2,5,0.65519,1
3,4,0.70609,0
2,2,0.71031,1
2,2,0.89219,0
3,5,0.605,1
3,5,0.15755,1
2,0,1,0
1,5,0.64139,1
2,1,0.92577,1
3,4,0.82114,0
4,0,1,0
2,3,0.66924,1
4,4,0.73815,0
3,3,0.77913,0
3,0,1,0
3,5,0.58381,1
3,3,0.88781,0
2,5,0.63232,0
3,3,0.90508,0
2,5,0.48027,1
2,0,1,0
3,3,0.586,1
4,2,0.96905,1
2,5,0.80599,1
2,4,0.81368,0
3,1,0.91695,1
2,3,0.86918,0
3,4,0.87679,0
3,5,0.71726,0
3,5,0.79226,0
3,4,0.61193,1
4,1,0.9428,0
3,5,0.36896,1
3,5,0.56563,1
1,0,1,0
3,2,0.80197,1
2,5,0.66833,0
4,5,0.45122,1
3,5,0.62216,1
4,1,0.68499,1
3,2,0.61821,0
4,2,0.87132,1
3,2,0.73041,1
1,5,0.6977,1
3,5,0.30075,1
2,2,0.5876,0
1,4,0.78989,0
2,5,0.69898,1
2,5,0.53568,1
2,3,0.93251,0
2,0,1,0
2,3,0.87393,0
3,3,0.68273,1
2,1,0.11717,1
2,2,0.92784,0
4,5,0.78885,0
3,2,0.86506,0
3,5,0.51951,1
1,0,1,0
2,1,0.99731,0
4,1,0.97103,0
3,4,0.60111,1
4,4,0.53141,1
2,4,0.74104,0
3,3,0.32295,1
2,5,0.70953,0
2,3,0.52882,1
4,5,0.61137,1
1,2,0.96743,0
3,3,0.81897,0
1,2,0.074044,1
2,3,0.61277,0
4,3,0.68198,1
2,5,0.63223,1
3,5,0.54562,0
3,4,0.56605,1
2,0,1,0
1,5,0.70612,0
3,3,0.88344,0
3,5,0.69775,1
2,5,0.67575,0
3,1,0.76093,1
4,3,0.53489,1
2,3,0.87925,1
2,4,0.59722,1
2,4,0.6529,0
3,5,0.62106,1
3,4,0.68214,1
2,5,0.37723,1
3,2,0.82612,1
3,5,0.70986,0
2,4,0.64227,1
3,2,0.95229,0
3,4,0.49474,1
3,5,0.49268,1
2,4,0.72801,0
4,1,0.68214,0
3,5,0.57915,1
4,5,0.82984,0
3,2,0.84453,0
3,4,0.52609,1
1,4,0.85728,0
2,3,0.68776,1
3,4,0.62953,1
3,5,0.77041,0
3,4,0.43048,1
3,5,0.50748,1
1,1,0.80628,0
4,4,0.59379,1
3,5,0.69639,0
2,2,0.89817,0
2,4,0.7665,1
2,3,0.67159,1
3,5,0.71604,1
3,2,0.93982,0
2,2,0.78761,1
4,2,0.7092,0
2,1,0.65284,1
3,1,0.86667,0
1,5,0.69461,1
3,5,0.74758,0
4,4,0.66254,0
3,3,0.82665,0
2,2,0.97714,0
3,5,0.63555,1
1,1,0.92882,0
2,4,0.55031,0
3,3,0.93907,0
4,5,0.5819,1
1,2,0.77298,1
4,2,0.47836,0
3,0,1,0
3,0,1,0
3,5,0.61491,1
3,5,0.28189,1
2,1,0.81215,0
3,5,0.61838,1
4,4,0.64507,1
1,2,0.87006,1
3,3,-0.097425,1
3,2,0.969,0
4,2,0.90484,0
3,2,0.5856,1
2,2,0.60126,1
2,3,0.531,0
4,3,0.64464,1
2,2,0.57461,0
1,3,0.68191,1
3,5,0.75258,1
2,3,0.46049,1
3,1,0.91902,0
1,2,0.65153,0
3,4,0.5963,1
2,0,1,0
3,5,0.67854,1
2,2,0.84452,1
3,5,0.57613,1
2,1,0.88751,1
2,0,1,0
4,5,0.61132,1
3,5,0.65409,0
3,2,0.88484,0
3,4,0.69271,0
2,2,0.60176,0
3,2,0.85867,0
3,5,0.86914,0
2,1,0.87055,0
4,3,0.62045,1
2,0,1,1
2,0,1,0
1,5,0.65129,1
1,1,0.98151,0
1,5,0.033289,1
3,5,0.31547,1
3,0,1,1
4,4,0.53954,1
3,5,0.79359,0
4,5,0.68776,1
3,3,0.84043,0
2,4,0.75488,1
2,3,0.68439,1
0,5,0.85532,0
3,2,0.37971,0
2,4,0.6073,1
3,4,0.55391,1
3,2,0.81914,0
2,5,0.64491,1
2,4,0.5881,1
1,5,0.59039,1
4,1,0.99343,0
3,4,0.69177,0
3,0,1,0
3,4,0.61881,1
2,0,1,0
2,1,0.89433,0
3,4,0.58949,1
3,5,0.64331,1
3,5,0.59458,1
2,2,0.9339,0
3,4,0.42931,1
2,1,0.98269,0
4,5,0.58341,1
3,2,0.6227,0
2,4,0.61807,1
2,3,0.84203,0
3,2,0.8709,0
3,5,0.46727,0
2,4,0.61517,1
2,5,0.5794,1
2,2,0.74978,1
4,2,0.86606,1
2,0,1,0
3,3,0.69784,1
3,0,1,0
3,5,0.68453,1
2,2,0.9091,0
2,4,0.68743,1
3,4,0.79028,1
3,3,0.78965,1
2,3,0.70156,1
3,5,0.27042,1
2,5,0.68605,0
2,5,0.5626,1
4,3,0.54929,1
4,1,0.77351,0
3,3,0.59114,1
2,2,0.99279,0
2,5,0.32542,1
3,4,0.64723,1
3,5,0.7347,1
3,3,0.67265,1
3,4,0.78269,0
2,1,0.58633,1
2,5,0.65028,0
3,5,0.51935,1
3,0,1,0
4,5,0.8221,0
4,5,0.58158,1
2,0,1,0
3,2,0.94709,0
2,3,0.86156,0
4,0,1,0
3,2,0.83109,0
4,2,0.77577,0
4,2,0.72699,1
3,4,0.72975,0
3,1,0.96958,1
3,1,0.79016,1
1,4,0.71308,1
3,4,0.74811,1
4,5,0.63858,1
2,5,0.53926,1
3,5,0.64498,1
4,2,0.90656,0
4,0,1,0
2,2,0.81904,0
2,4,0.58911,0
3,1,0.79428,0
2,1,0.60294,0
3,4,0.60892,1
2,4,0.87955,1
2,4,0.86234,1
2,5,0.80844,0
2,5,0.62699,1
3,5,0.82674,0
2,4,0.62569,0
3,4,0.75866,0
2,4,0.53741,1
4,4,0.90696,0
2,5,0.77582,0
2,5,0.68176,1
4,5,0.47412,1
1,4,0.62473,0
4,1,0.924,0
2,5,0.82026,0
1,5,0.48964,1
2,3,0.47594,1
1,4,0.6434,1
2,3,0.69456,0
2,3,0.81253,0
1,4,0.65963,1
3,5,0.60009,1
3,0,1,1
3,0,1,0
3,3,0.75742,1
1,0,1,0
3,1,0.48592,1
4,1,0.29663,1
2,3,0.89316,0
4,1,0.92796,1
4,3,0.40503,1
4,3,0.67616,0
4,3,0.47011,1
2,5,0.78691,0
3,5,0.72344,0
2,4,0.57337,1
3,4,0.81557,0
3,5,0.5542,0
3,5,0.56742,1
3,0,1,0
2,2,0.96642,0
3,0,1,0
4,2,0.75573,1
3,2,0.16559,1
3,1,0.92087,0
3,5,0.68347,1
2,4,0.92526,0
2,2,0.73958,1
2,1,0.56481,0
2,5,0.57848,1
3,1,0.99856,1
2,2,0.65719,0
1,2,0.90478,1
2,5,0.57756,0
2,0,1,0
3,5,0.70842,1
2,0,1,1
2,5,0.62597,1
2,2,0.86336,0
2,4,0.68297,0
4,5,0.73561,0
3,3,0.7113,0
2,5,0.90938,0
3,3,0.82522,0
2,0,1,1
3,3,0.85439,1
3,1,0.82382,1
4,5,0.53539,1
3,5,0.6351,1
4,2,0.65754,1
3,4,0.72988,0
4,1,0.91945,0
3,5,0.70334,0
3,3,0.79506,0
1,3,0.68243,1
2,0,1,0
3,3,0.79757,1
4,4,0.602,1
3,5,0.86119,0
2,4,0.73563,0
3,3,0.9058,0
3,1,0.96405,0
3,4,0.60641,1
2,4,0.65938,0
3,3,0.61855,1
3,3,0.86574,0
3,3,0.85572,0
2,1,0.81109,0
2,5,0.52621,1
2,0,1,1
3,5,0.38727,1
3,1,0.49504,0
3,4,0.67637,1
3,2,0.59526,1
3,4,0.73021,1
3,4,0.46463,1
3,3,0.80452,1
4,4,0.81971,0
2,5,0.76792,0
2,3,0.55898,0
2,4,0.6107,1
3,5,0.70989,1
3,5,0.26882,1
3,3,0.70959,1
2,0,1,0
2,5,0.72346,0
2,3,0.71838,1
2,5,0.78443,0
3,3,0.82426,0
2,4,0.53151,1
3,1,0.78412,1
4,1,0.8795,0
1,4,0.84235,0
3,3,0.92683,0
2,2,0.83704,1
2,2,0.76213,1
4,1,0.95149,0
2,5,0.37054,1
1,3,0.74785,1
3,3,0.71553,1
3,5,0.61897,0
3,0,1,0
3,1,0.89008,1
1,5,0.6631,1
1,3,0.58859,0
1,5,0.53486,1
4,3,0.7418,0
3,5,0.87642,0
3,4,0.4532,0
3,3,0.69462,1
2,1,0.95355,0
4,2,0.40772,1
2,5,0.6271,1
2,4,0.85201,0
2,4,0.74653,1
3,4,0.46765,1
1,3,0.70096,1
2,3,0.78586,1
4,4,0.62764,1
3,0,1,0
4,1,0.91524,0
4,0,1,0
3,1,0.99302,0
3,4,0.56519,1
4,0,1,0
1,3,0.70243,0
4,5,0.74149,0
4,1,0.85957,1
1,3,0.76779,1
3,1,0.8675,0
2,3,0.74999,1
2,2,0.92815,0
3,4,0.74602,1
4,4,0.41406,1
3,3,0.88454,0
2,3,0.65827,1
2,1,0.9723,0
3,1,0.8665,1
3,4,0.69732,0
3,5,0.466,1
3,3,0.76604,0
2,5,0.4719,1
4,0,1,0
3,4,0.50951,1
4,3,0.85917,0
2,4,0.69167,1
4,5,0.59733,1
2,0,1,0
4,0,1,0
2,2,0.93816,1
3,0,1,0
2,5,0.58467,1
3,5,0.58008,1
2,5,0.60539,0
3,1,0.82711,0
3,1,0.96683,1
4,5,0.61605,1
3,4,0.53711,1
2,3,0.81834,0
3,2,0.86421,0
2,4,0.60042,1
3,5,0.40963,1
3,5,0.40121,1
2,5,0.67448,0
3,3,0.67053,1
2,4,0.74294,0
3,5,0.58354,1
4,1,0.977,0
1,0,1,0
1,0,1,1
3,0,1,0
2,0,1,0
3,0,1,0
4,3,0.70296,1
2,3,0.7717,0
3,5,0.70224,1
3,5,0.6618,1
2,5,0.70107,1
2,3,0.45853,0
3,3,0.61327,1
4,5,0.56864,1
2,5,0.4179,1
3,3,0.88456,0
3,5,0.63311,1
2,4,0.83443,0
2,2,0.91428,0
3,1,0.94949,0
2,5,0.33309,1
3,5,0.39016,1
4,5,0.66958,1
2,5,0.53705,1
3,4,0.76284,0
4,5,0.83316,1
3,3,0.74408,0
1,5,0.64928,0
1,5,0.46645,1
3,5,0.67358,1
4,3,0.41356,0
2,5,0.71672,1
3,4,0.67088,0
4,3,0.64379,0
2,3,0.50347,0
2,5,0.62981,0
2,5,0.55005,0
3,3,0.93844,0
3,4,0.64043,1
2,3,0.91762,0
4,4,0.58269,0
3,5,0.55807,1
4,4,0.55115,1
2,1,0.93937,0
1,4,0.69727,1
3,3,0.84426,0
3,5,0.50536,0
2,5,0.66854,1
2,3,0.84989,0
4,5,0.59502,1
4,0,1,0
3,3,0.88384,0
4,5,0.4273,1
3,5,0.64787,1
4,3,0.82402,0
2,5,0.69655,0
2,2,0.72747,1
4,5,0.76043,1
1,4,0.66275,1
1,5,0.70315,0
3,5,0.66999,1
3,5,0.70252,1
2,4,0.7724,1
3,2,0.83427,1
3,4,0.58823,1
2,2,0.9159,0
3,4,0.60898,0
2,5,0.62382,1
3,5,0.58681,1
4,2,0.81396,1
2,4,0.62983,1
2,0,1,0
2,2,0.92258,0
3,0,1,0
3,4,0.80895,0
3,5,0.54205,0
2,4,0.74997,0
2,5,0.45792,1
2,5,0.36436,1
2,2,0.949,0
3,4,0.60746,1
3,4,0.83624,0
2,4,0.64383,1
3,3,0.67598,1
4,4,0.1819,1
3,2,0.80029,0
3,1,0.83354,0
1,0,1,1
3,5,0.62367,1
1,5,0.74882,1
3,5,0.6565,1
1,5,0.74487,0
3,4,0.66851,1
3,2,0.58013,1
1,5,0.57477,1
2,3,0.75751,1
2,4,0.6851,1
4,4,0.66061,0
1,1,0.98626,0
1,4,0.72527,1
3,4,0.71611,1
3,4,0.64764,0
3,4,0.3939,1
4,3,0.82404,0
3,4,0.87247,1
4,5,0.47626,1
2,4,0.8403,0
2,5,0.60645,1
3,2,0.77055,0
3,5,0.75433,0
3,3,0.58953,1
1,4,0.64407,1
2,3,0.612,1
3,3,0.81406,0
2,5,0.69295,0
2,1,0.97032,0
2,1,0.87565,0
1,5,0.59152,1
4,4,0.74573,1
2,4,0.65354,1
3,5,0.73943,1
4,5,0.43849,0
1,5,0.45119,1
1,0,1,1
3,4,0.79723,0
1,5,0.5554,1
1,5,0.74024,1
3,3,0.91324,0
3,5,0.3164,1
3,3,0.63634,1
3,0,1,0
4,5,0.70797,0
0,0,1,0
3,1,0.99922,0
1,3,0.55192,1
4,4,0.74772,1
3,5,0.43752,1
4,1,0.96445,0
3,4,0.61852,1
2,5,0.61992,1
1,3,0.6734,1
2,2,0.73344,0
1,5,0.62048,1
3,5,0.63794,1
2,2,0.92458,1
4,4,0.79999,1
4,5,0.64086,0
3,1,0.95981,0
3,4,0.86153,1
2,4,0.33371,0
3,2,0.8929,0
2,0,1,0
3,4,0.65831,1
2,2,0.56163,1
3,2,0.8315,1
1,3,0.72643,1
4,4,0.70309,0
4,5,0.63852,1
3,4,0.79832,0
1,0,1,0
3,5,0.71604,0
4,5,0.46095,1
2,4,0.65999,1
2,1,0.84955,0
1,0,1,0
2,1,0.97544,0
2,3,0.77607,0
1,5,0.62026,1
3,2,0.90392,0
2,3,0.8364,1
3,3,0.76397,1
3,0,1,1
1,3,0.81853,1
2,4,0.48248,1
3,4,0.77965,0
1,4,0.86527,0
2,1,0.65127,1
3,4,0.68254,1
3,4,0.3854,0
3,1,0.85175,0
2,1,0.9871,0
3,2,0.86727,0
2,5,0.55143,1
2,3,0.63408,1
3,5,0.41807,1
3,5,0.55629,1
2,1,0.78249,1
3,2,0.79436,0
3,5,0.49814,1
2,5,0.64693,1
2,3,0.80348,1
3,4,0.62231,1
3,1,0.88881,0
4,2,0.85543,1
3,2,0.8844,1
3,5,0.55221,0
4,4,0.36148,1
2,5,0.49725,1
3,2,0.90884,0
2,4,0.69282,1
1,4,0.81502,1
3,4,0.4181,1
2,1,0.80162,0
4,2,0.49196,1
2,1,0.9552,1
4,2,0.7342,1
3,5,0.64582,1
4,3,0.79478,0
3,1,0.91066,0
3,5,0.83427,1
3,3,0.84806,0
3,3,0.6695,1
1,2,0.87937,1
3,3,0.57081,1
2,4,0.51765,1
1,0,1,0
4,1,0.99695,0
2,2,0.97685,0
3,4,0.74305,1
3,2,0.76589,0
2,3,0.87543,0
4,5,0.56773,1
3,4,0.82264,1
2,5,0.68522,1
2,5,0.57935,1
2,3,0.93484,0
3,3,0.86096,0
4,1,0.96893,1
2,5,0.64432,1
3,5,0.53554,1
2,3,0.8185,1
3,0,1,0
2,1,0.98289,0
4,2,0.93959,1
3,5,0.67345,1
3,5,0.60473,1
3,0,1,0
3,4,0.7658,1
2,2,0.89551,0
3,2,0.93839,0
3,1,0.97659,0
1,2,0.70736,1
2,2,0.85928,0
2,4,0.72053,1
4,5,0.5025,1
1,3,0.70897,1
2,5,0.60353,1
3,2,0.86917,1
4,3,0.82829,0
2,4,0.6762,1
3,3,0.93177,0
2,2,0.80316,0
3,0,1,0
3,4,0.68676,1
3,1,0.97636,0
4,3,0.83444,0
4,5,0.5309,0
2,4,0.77342,1
1,1,0.87259,0
3,0,1,0
1,4,0.80487,1
3,5,0.84639,0
3,3,0.93628,0
3,5,0.62477,0
2,5,0.81759,1
4,5,0.48765,1
2,4,0.8203,0
2,0,1,1
2,5,0.56892,0
4,5,0.58352,1
2,5,0.73199,0
1,2,0.71886,1
3,4,0.77969,0
4,2,0.65231,0
2,5,0.63936,1
1,1,0.99294,0
2,4,0.46617,0
1,4,0.24248,1
1,4,0.86231,0
2,3,0.62664,1
3,4,0.76766,1
2,5,0.55563,1
3,5,0.78542,1
2,0,1,0
3,4,0.74008,0
4,4,0.81709,1
2,4,0.50854,1
3,0,1,0
3,3,0.95016,1
3,2,0.60154,0
1,5,0.38311,1
1,5,0.56628,1
2,2,0.69278,0
2,2,0.76717,1
3,2,0.77894,1
2,3,0.78121,0
3,0,1,0
4,5,0.14808,0
2,5,0.7521,1
3,5,0.64133,1
3,4,0.77584,1
2,4,0.57418,0
2,0,1,0
2,1,0.99232,0
2,1,0.90092,0
4,3,0.89139,1
2,1,0.87566,0
3,0,1,1
1,4,0.45196,1
0,0,1,1
2,5,0.67194,1
2,3,0.79842,0
3,3,0.96872,0
2,5,0.74422,0
2,5,0.6357,1
3,5,0.84027,0
3,3,0.73444,1
4,4,0.60747,0
3,0,1,0
2,4,0.72638,1
1,1,0.56377,1
4,5,0.63136,1
4,0,1,0
3,4,0.55033,1
2,1,0.98758,0
2,4,0.52401,1
4,2,0.75342,0
3,3,0.79641,1
3,1,0.83796,0
3,2,0.7844,0
3,3,0.40419,1
2,0,1,0
2,0,1,0
2,1,0.78559,0
2,4,0.68841,1
2,5,0.69239,1
4,1,0.75241,0
2,5,0.78198,0
3,3,0.83977,0
1,1,0.97734,1
2,4,0.74392,0
1,3,0.68813,1
1,0,1,0
2,3,0.67884,1
3,3,0.88624,0
4,2,0.85484,0
3,3,0.7554,1
1,1,0.99038,1
2,5,0.68421,1
2,3,0.65885,1
3,4,0.58221,1
2,1,0.67153,1
3,4,0.60844,0
2,1,0.93539,1
4,4,0.82099,0
3,0,1,0
1,5,0.35862,1
3,1,0.91565,0
3,1,0.93288,0
3,5,0.82638,0
3,1,0.95891,0
2,4,0.68636,1
2,5,0.47323,1
3,2,0.78776,1
2,1,0.96142,0
2,0,1,0
2,5,0.64842,1
4,4,0.8277,0
3,4,0.61246,1
3,3,0.65873,0
2,2,0.72904,1
2,5,0.54966,1
3,1,0.9914,0
4,0,1,0
3,4,0.75055,1
3,4,0.59339,1
2,4,0.76168,0
3,2,0.79299,0
4,2,0.84268,0
3,5,0.54168,1
2,4,0.66754,1
2,5,0.73161,1
3,2,0.44805,1
2,4,0.748,0
3,5,0.23408,1
1,3,0.61344,1
2,5,0.57485,1
2,5,0.71755,0
2,5,0.77805,1
2,0,1,0
3,4,0.59359,1
2,5,0.58188,1
4,4,0.7419,0
3,3,0.63805,1
3,3,0.81446,0
2,2,0.87068,0
1,5,0.54321,1
3,3,0.73272,0
3,3,0.87622,0
2,0,1,0
3,3,0.86926,1
2,5,0.64862,1
2,1,0.98323,1
2,1,0.90764,1
1,0,1,0
2,0,1,0
3,2,0.74433,1
2,2,0.91496,1
3,4,0.64313,1
2,4,0.44091,1
4,1,0.83423,0
1,0,1,0
3,3,0.75058,0
3,5,0.77434,1
4,5,0.83899,0
3,2,0.69099,0
2,0,1,0
3,0,1,1
2,4,0.865,0
3,4,0.70637,1
3,4,0.82143,0
1,5,0.89133,0
1,3,0.79888,1
1,5,0.73011,0
3,3,0.85286,0
1,4,0.49968,1
3,3,0.44153,0
4,3,0.74617,0
3,0,1,0
3,0,1,0
4,3,0.61364,1
3,5,0.6176,0
1,3,0.75446,1
2,5,0.46585,0
3,3,0.58818,1
2,3,0.42344,1
2,4,0.59982,0
3,4,0.81303,1
4,1,0.42689,1
3,4,0.85997,0
3,4,0.75722,0
3,0,1,0
4,5,0.63165,0
3,5,0.41132,1
3,5,0.62765,1
2,2,0.86048,0
2,3,0.95075,0
3,3,0.67476,1
3,5,0.57332,1
3,4,0.62817,1
2,2,0.82761,0
4,2,0.57755,1
3,4,0.61539,0
3,2,0.80529,0
3,5,0.54016,1
1,4,0.73459,1
3,1,0.96255,0
2,5,0.54124,0
2,5,0.91425,0
2,1,0.92997,0
4,4,0.6035,1
1,3,0.62958,1
3,2,0.83231,0
2,4,0.76343,1
2,0,1,1
1,0,1,0
2,4,0.82513,1
1,3,0.45883,1
4,5,0.61242,1
2,5,0.63004,1
2,4,0.57878,1
2,5,0.61261,1
1,4,0.64999,1
4,2,0.66724,0
3,1,0.92465,1
2,1,0.88168,0
2,2,0.97403,0
1,0,1,0
4,1,0.97654,0
3,5,0.6507,1
2,4,0.60928,1
2,3,0.88,0
2,1,0.90938,0
2,5,0.76698,1
1,5,0.47912,1
2,2,0.91817,1
2,0,1,0
1,5,0.79709,0
3,0,1,0
3,3,0.91939,0
2,3,0.78108,1
3,4,0.46631,0
2,5,0.54154,0
4,4,0.74005,0
2,0,1,0
3,5,0.85297,0
4,4,0.68782,1
3,4,0.73039,1
2,2,0.75307,1
3,3,0.59814,1
3,3,0.54316,1
2,5,0.70222,1
2,5,0.58151,1
3,2,0.74681,0
2,1,0.80083,1
3,2,0.75798,0
2,4,0.4797,1
1,1,0.96349,0
4,3,0.66852,1
3,2,0.97181,0
3,2,0.56947,1
1,3,0.7453,0
3,4,0.62302,1
1,4,0.89629,0
3,5,0.5782,1
2,5,0.48578,0
4,0,1,0
2,0,1,0
3,5,0.61484,1
3,5,0.57949,1
2,3,0.61188,1
3,2,0.9262,0
3,4,0.56413,1
3,0,1,0
2,1,0.99719,0
1,3,0.71124,0
3,3,0.6619,1
2,5,0.54904,1
2,3,0.83613,1
2,5,0.57368,1
2,5,0.58386,1
2,3,0.7828,0
3,4,0.7385,1
4,4,0.69225,1
2,4,0.60309,1
2,5,0.48932,1
3,3,0.94492,0
2,0,1,0
2,1,0.83593,0
1,0,1,0
3,3,0.72563,1
4,2,0.67175,0
2,5,0.62577,1
1,4,0.72838,0
3,1,0.88061,0
2,5,0.4923,1
3,1,0.94804,0
2,0,1,0
1,5,0.79424,1
2,5,0.45182,1
3,2,0.92114,0
4,5,0.53707,1
2,3,0.62452,0
3,0,1,0
2,5,0.44996,1
2,4,0.67908,0
4,2,0.73049,0
2,3,0.82119,0
3,1,0.99781,0
3,2,0.85325,1
2,2,0.73119,1
3,1,0.96789,1
2,4,0.56661,0
2,5,0.74942,0
3,1,0.84329,1
3,2,0.77088,0
2,5,0.75355,0
2,5,0.78917,1
3,2,0.90815,0
2,0,1,0
3,5,0.84225,0
2,3,0.69226,1
1,4,0.41634,0
4,2,0.76653,1
2,4,0.6479,0
2,4,0.90245,0
3,4,0.67755,1
2,5,0.67349,1
3,0,1,0
3,5,0.7058,1
2,5,0.79948,0
3,0,1,0
4,4,0.45655,1
4,1,0.65868,1
1,0,1,0
4,3,0.61077,1
3,2,0.97103,1
3,5,0.58644,1
3,4,0.40409,1
3,5,0.59688,1
3,2,0.82084,0
3,5,0.74201,0
3,0,1,0
2,5,0.45998,1
2,4,0.58007,1
3,4,0.87441,0
2,0,1,1
